﻿{
  "isBackup": false,
  "userId": "",
  "organization": "",
  "fileList": [
    "search_Naver\\search_Naver.awx",
    "Task2\\Task2.awx",
    "ckick_Naver\\ckick_Naver.awx",
    "scrap_News\\scrap_News.awx",
    "task3\\task3.awx",
    "Pratice\\Pratice.awx",
    "Write_NewstoExcel\\Write_NewstoExcel.awx"
  ],
  "resource": {
    "resourcePath": ".Resource",
    "files": []
  },
  "libraryFileList": [],
  "isUpload": false,
  "type": "PROCESS",
  "name": "HelloWorld",
  "id": "jadqaopx-ynja-pddd-mpmf-yfjpdwtvfwcn",
  "version": null,
  "comment": "",
  "description": ""
}